id_noticia,titulo,url,medio,idioma,fecha_publicacion,fecha_deteccion,fecha_extraccion,tema,origen,alcance_texto
tvn-3c3bb2e3f56f,Comisión de Presupuesto tramita traslados y créditos por casi $100 millones entre seis instituciones,https://www.tvn-2.com/nacionales/comision-presupuesto-tramita-traslados-creditos_1_2264698.html,TVN,es,2026-10-07T05:21:09+00:00,2026-10-07T05:21:09+00:00,2026-10-07T01:37:38.688904+00:00,,tvn,extracto
tvn-3f4fafa558b5,"Aprehenden a Enrique Lau, exdirector de la CSS, por supuesto enriquecimiento injustificado",https://www.tvn-2.com/nacionales/judicial/aprehenden-enrique-lau-exdirector-css_1_2264560.html,TVN,es,2026-10-06T16:50:00+00:00,2026-10-06T16:50:00+00:00,2026-10-07T01:37:38.688904+00:00,,tvn,extracto
tvn-3130890814f4,Caso Pandora: Detención provisional para exejecutivo bancario señalado por autorizar pagos de créditos fiscales de la DGI,https://www.tvn-2.com/nacionales/judicial/caso-pandora-declaran-legal-aprehension-exjecutivo-bancario-autoriza-pagos-fiscales-dgi_1_2264701.html,TVN,es,2026-10-07T04:57:05+00:00,2026-10-07T04:57:05+00:00,2026-10-07T01:37:38.688904+00:00,,tvn,extracto
tvn-91e1fa38afa0,MOP solicita $43.1 millones para pagar compromisos y continuar obras en ejecución,https://www.tvn-2.com/nacionales/mop-solicita-43-1-millones-comision-presupuesto-obras-en-ejecucion_1_2264626.html,TVN,es,2026-10-06T23:57:35+00:00,2026-10-06T23:57:35+00:00,2026-10-07T01:37:38.688904+00:00,,tvn,extracto
tvn-53cecf6733a2,"Lionel Messi despedida EN VIVO| Argentina 3-0 Benín: finalizado/ partido histórico por TVMAX, TVN Pass y YouTube",https://www.tvn-2.com/tvmax/futbol-internacional/lionel-messi-despedida-argentina-vs-benin-en-vivo-estadio-monumental-buenos-aires_6_2264650.html,TVN,es,2026-10-07T03:00:42+00:00,2026-10-07T03:00:42+00:00,2026-10-07T01:37:38.688904+00:00,,tvn,extracto
tvn-8e5fb058e6d7,Suspenden audiencia contra Genaro López y otros miembros del Suntracs,https://www.tvn-2.com/nacionales/judicial/suspenden-audiencia-genaro-lopez-miembros_1_2264607.html,TVN,es,2026-10-06T22:52:35+00:00,2026-10-06T22:52:35+00:00,2026-10-07T01:37:38.688904+00:00,,tvn,extracto
tvn-0224f6e06205,Nerys Pérez responde con humor a los comentarios sobre el vestido que usó en un baile,https://www.tvn-2.com/entretenimiento/nerys-perez-responde-humor-comentarios-vestido-baile-vladimir-atencio_1_2264599.html,TVN,es,2026-10-06T23:15:47+00:00,2026-10-06T23:15:47+00:00,2026-10-07T01:37:38.688904+00:00,,tvn,extracto
tvn-845e1af720c6,Lionel Messi despedida | Argentina vs Benín | EN VIVO,https://www.tvn-2.com/tvmax/futbol-internacional/video-ext-lionel-messi-despedida-en-vivo-argentina-vs-benin_7_2264670.html,TVN,es,2026-10-07T02:56:35+00:00,2026-10-07T02:56:35+00:00,2026-10-07T01:37:38.688904+00:00,,tvn,extracto
tvn-6ec4657d05d3,Panamá mantiene vigilancia epidemiológica ante caso sospechoso de peste neumónica en Rusia,https://www.tvn-2.com/nacionales/panama-mantiene-vigilancia-minsa-peste-neumonica-en-rusia-caso-rusia_1_2264648.html,TVN,es,2026-10-07T01:53:52+00:00,2026-10-07T01:53:52+00:00,2026-10-07T01:37:38.688904+00:00,,tvn,extracto
tvn-d636b16e89c2,PASE-U: compras con la billetera de Caja de Ahorros superan los $45 millones desde junio,https://www.tvn-2.com/nacionales/paseu-compras-billetera-caja-ahorros_1_2264590.html,TVN,es,2026-10-06T21:03:48+00:00,2026-10-06T21:03:48+00:00,2026-10-07T01:37:38.688904+00:00,,tvn,extracto
tvn-68abe2bc7b2e,Panamá Coffee Weeks reunirá las variedades del mejor café del mundo en octubre,https://www.tvn-2.com/nacionales/panama-coffee-week-reunira-35_1_2264723.html,TVN,es,2026-10-07T06:04:56+00:00,2026-10-07T06:04:56+00:00,2026-10-07T01:37:38.688904+00:00,,tvn,extracto
tvn-d7ae1bbdf386,Brasil: Senado evalúa ampliar el descanso laboral como baza electoral de Lula,https://www.tvn-2.com/mundo/suramerica/brasil-senado-evalua-ampliar-descanso_1_2264702.html,TVN,es,2026-10-07T06:00:16+00:00,2026-10-07T06:00:16+00:00,2026-10-07T01:37:38.688904+00:00,,tvn,extracto
tvn-f5275348a26d,Día Nacional del Calypso: Conoce la agenda cultural del 16 al 18 de octubre,https://www.tvn-2.com/nacionales/dia-nacional-calypso-conoce-agenda_1_2264719.html,TVN,es,2026-10-07T05:52:08+00:00,2026-10-07T05:52:08+00:00,2026-10-07T01:37:38.688904+00:00,,tvn,extracto
tvn-97b42ea122da,Marco Rubio apelara a la alianza estratégica en Grecia para proteger valores de Occidente,https://www.tvn-2.com/mundo/europa/marco-rubio-apelara-alianza-estrategica_1_2264697.html,TVN,es,2026-10-07T05:30:57+00:00,2026-10-07T05:30:57+00:00,2026-10-07T01:37:38.688904+00:00,,tvn,extracto
tvn-06909006c132,Lionel Messi despedida| Argentina vs Benín: estadísticas del primer tiempo,https://www.tvn-2.com/tvmax/futbol-internacional/lionel-messi-despedida-argentina-vs-benin-estadisticas-primer-tiempo-estadio-monumental-buenos-aires_1_2264717.html,TVN,es,2026-10-07T05:27:57+00:00,2026-10-07T05:27:57+00:00,2026-10-07T01:37:38.688904+00:00,,tvn,extracto
tvn-646b1e068a6e,Alcaldesa Stefany Peñalba: residentes  protestan frente al Municipio de Arraiján y exigen auditorías contra su gestión,https://www.tvn-2.com/nacionales/provincias/stefany-penalba-residentes-protesta-frente-municipio-de-arraijan-piden-auditoria_1_2264603.html,TVN,es,2026-10-06T23:24:07+00:00,2026-10-06T23:24:07+00:00,2026-10-07T01:37:38.688904+00:00,,tvn,extracto
tvn-9d00cc444999,Más de 30 mujeres han muerto de forma violenta en Panamá este año,https://www.tvn-2.com/nacionales/30-mujeres-han-muerto-forma_1_2264499.html,TVN,es,2026-10-06T06:30:01+00:00,2026-10-06T06:30:01+00:00,2026-10-07T01:37:38.688904+00:00,,tvn,extracto
tvn-b7945ccfe02c,Mafe Achurra comparte el tierno momento en que le canta 'Antología' a su bebé,https://www.tvn-2.com/entretenimiento/mafe-achurra-comparte-tierno-momento-canta-antologia-shakira-bebe-embarazo_1_2264579.html,TVN,es,2026-10-06T19:44:39+00:00,2026-10-06T19:44:39+00:00,2026-10-07T01:37:38.688904+00:00,,tvn,extracto
tvn-2eb8c64845db,"Contenido Exclusivo: Coclé, se seca el campo",https://www.tvn-2.com/contenido-exclusivo/contenido-exclusivo-cocle-seca-campo-fenomeno-de-el-nino-clima-agua-produccion-sequia_1_2263614.html,TVN,es,2026-10-01T06:31:04+00:00,2026-10-01T06:31:04+00:00,2026-10-07T01:37:38.688904+00:00,,tvn,extracto
tvn-38360e4fc25d,Contenido Exclusivo: Turismo en transporte público,https://www.tvn-2.com/contenido-exclusivo/contenido-exclusivo-turismo-transporte-publico_1_2263290.html,TVN,es,2026-09-29T06:23:06+00:00,2026-09-29T06:23:06+00:00,2026-10-07T01:37:38.688904+00:00,,tvn,extracto
tvn-864873a6e01b,Contenido Exclusivo: El metro por la Tumba Muerto,https://www.tvn-2.com/contenido-exclusivo/contenido-exclusivo-metro-tumba-muerto-transporte-panama_1_2264473.html,TVN,es,2026-10-06T05:47:04+00:00,2026-10-06T05:47:04+00:00,2026-10-07T01:37:38.688904+00:00,,tvn,extracto
tvn-4493c715a43d,Tribunal Electoral avanza en la coordinación del Plan General del Elecciones de 2029,https://www.tvn-2.com/nacionales/tribunal-electoral-avanza-coordinacion-plan_1_2264671.html,TVN,es,2026-10-07T03:16:17+00:00,2026-10-07T03:16:17+00:00,2026-10-07T01:37:38.688904+00:00,,tvn,extracto
tvn-9cd0c4145e5c,"Arranca la Semana de la Responsabilidad Social Empresarial con enfoque en sostenibilidad, juventud y el futuro",https://www.tvn-2.com/nacionales/arranca-semana-responsabilidad-social-empresarial-sumarse-juventud-retos-futuro_1_2264570.html,TVN,es,2026-10-06T18:35:00+00:00,2026-10-06T18:35:00+00:00,2026-10-07T01:37:38.688904+00:00,,tvn,extracto
tvn-b8967b50f9c4,Colegios particulares atribuyen aumento de matrícula a migración al sector oficial y altos costos de operación,https://www.tvn-2.com/nacionales/colegios-particulares-estudiantes-aumento-matricula-mayores-gastos-informe-acodeco_1_2264562.html,TVN,es,2026-10-06T17:41:06+00:00,2026-10-06T17:41:06+00:00,2026-10-07T01:37:38.688904+00:00,,tvn,extracto
tvn-c94972a439d1,Mujer es aprehendida en Santiago tras hallazgo de 162 paquetes de presunta droga en el vehículo que conducía,https://www.tvn-2.com/nacionales/mujer-aprehendida-santiago-hallazgo-162-paquetes-droga_1_2264577.html,TVN,es,2026-10-06T21:21:42+00:00,2026-10-06T21:21:42+00:00,2026-10-07T01:37:38.688904+00:00,,tvn,extracto
tvn-74fba2478471,"Descentralización explica qué incluye el proyecto de $293,715 para 15 juntas comunales",https://www.tvn-2.com/nacionales/autoridad-nacional-descentralizacion-explica-incluye-proyecto-junta-comunales_1_2264582.html,TVN,es,2026-10-06T19:51:46+00:00,2026-10-06T19:51:46+00:00,2026-10-07T01:37:38.688904+00:00,,tvn,extracto
tvn-35cb4d77df41,Reformas electorales: Blandón defiende el 3% para nuevos partidos y rechaza aumento del financiamiento privado,https://www.tvn-2.com/nacionales/reformas-electorales-blandon-defiende-3_1_2264565.html,TVN,es,2026-10-06T18:00:36+00:00,2026-10-06T18:00:36+00:00,2026-10-07T01:37:38.688904+00:00,,tvn,extracto
tvn-4ce905274ad0,Panamá reforzará su presencia marítima en Vietnam con nueva oficina de servicio técnico de la AMP en Ho Chi Minh,https://www.tvn-2.com/nacionales/panama-reforzara-presencia-maritima-vietnam-autoridad-maritima-de-panama-registro-de-buques_1_2264552.html,TVN,es,2026-10-06T16:57:42+00:00,2026-10-06T16:57:42+00:00,2026-10-07T01:37:38.688904+00:00,,tvn,extracto
tvn-97c63953056e,Obispos panameños presentarán en Roma la realidad de sus diócesis durante la visita ad limina,https://www.tvn-2.com/nacionales/arzobispo-participa-roma-encuentro-papa-leon-xiv-jose-domingo-ulloa-mendieta_1_2264583.html,TVN,es,2026-10-06T21:48:00+00:00,2026-10-06T21:48:00+00:00,2026-10-07T01:37:38.688904+00:00,,tvn,extracto
tvn-a53d58bfeded,Asesinan a taxista en Remedios; fue hallado dentro de su vehículo con varias heridas,https://www.tvn-2.com/nacionales/asesinan-taxista-remedios-hallado-vehiculo-varias-heridas_1_2264601.html,TVN,es,2026-10-06T23:13:55+00:00,2026-10-06T23:13:55+00:00,2026-10-07T01:37:38.688904+00:00,,tvn,extracto
tvn-b172b69ff24e,Pase-U: Largas filas en Changuinola en el segundo día de entrega de tarjetas Punch del Ifarhu,https://www.tvn-2.com/nacionales/pase-u-pago-de-becas-ifarhu-largas-filas-changuinola_1_2264609.html,TVN,es,2026-10-06T23:12:50+00:00,2026-10-06T23:12:50+00:00,2026-10-07T01:37:38.688904+00:00,,tvn,extracto
tvn-9d67f22252cd,La Chorrera proyecta renovar el parque Tomás Martín Feuillet con una inversión de 620 mil dólares,https://www.tvn-2.com/nacionales/la-chorrera-proyecta-renovar-parque-tomas-martin-feuillet-inversion-620-mil_1_2264420.html,TVN,es,2026-10-05T23:30:34+00:00,2026-10-05T23:30:34+00:00,2026-10-07T01:37:38.688904+00:00,,tvn,extracto
tvn-cba8e8179564,Líderes 360 | Mario Castrellón: la visión de un chef que convirtió la gastronomía panameña en una marca país,https://www.tvn-2.com/lideres-360/lideres-360-mario-castrellon-chef-gastronomia-panama-maito_1_2254177.html,TVN,es,2026-08-07T17:15:31+00:00,2026-08-07T17:15:31+00:00,2026-10-07T01:37:38.688904+00:00,,tvn,extracto
tvn-187c0effb4ad,Mario Castrellón protagoniza Líderes 360 este viernes en Noticias AM,https://www.tvn-2.com/lideres-360/mario-castrellon-protagoniza-lideres-360-noticias-am_1_2254164.html,TVN,es,2026-08-05T16:00:19+00:00,2026-08-05T16:00:19+00:00,2026-10-07T01:37:38.688904+00:00,,tvn,extracto
tvn-55c1f718c3ee,"Líderes 360: Pedro Heilbron, el hombre que vio despegar a Copa y convertirse en el Hub de las Américas",https://www.tvn-2.com/lideres-360/lideres-360-pedro-heilbron-despegar-copa-airlines-hub-de-las-americas_1_2249044.html,TVN,es,2026-07-03T17:00:47+00:00,2026-07-03T17:00:47+00:00,2026-10-07T01:37:38.688904+00:00,,tvn,extracto
tvn-26aa6ef8e89f,"Líderes 360: Pedro Heilbron plantea una hoja de ruta para Panamá; turismo sostenible, eficiencia y un país transparente",https://www.tvn-2.com/lideres-360/lideres-360-pedro-heilbron-panama-turismo-eficiencia-transparencia_1_2249216.html,TVN,es,2026-07-05T18:00:06+00:00,2026-07-05T18:00:06+00:00,2026-10-07T01:37:38.688904+00:00,,tvn,extracto
tvn-ac75f81dce37,Líderes 360 estrena el 3 de julio en Noticias AM con historias de impacto empresarial,https://www.tvn-2.com/lideres-360/lideres-360-estrena-noticias-am-impacto-empresarial-pedro-heilbron_1_2247767.html,TVN,es,2026-07-02T01:03:18+00:00,2026-07-02T01:03:18+00:00,2026-10-07T01:37:38.688904+00:00,,tvn,extracto
tvn-370cf1f917c0,Gente TVN se sumó a carrera caminata inclusiva de Achilles Panamá en la Cinta Costera,https://www.tvn-2.com/gente-tvn/gente-tvn-sumo-carrera-caminata_1_2264281.html,TVN,es,2026-10-05T04:47:36+00:00,2026-10-05T04:47:36+00:00,2026-10-07T01:37:38.688904+00:00,,tvn,extracto
tvn-e6e567f2da32,TVN Media alcanza el primer lugar en reputación entre los medios de comunicación en Panamá,https://www.tvn-2.com/nacionales/tvn-media-alcanza-primer-lugar-medios-comunicacion-merco-panama_1_2263883.html,TVN,es,2026-10-02T06:00:17+00:00,2026-10-02T06:00:17+00:00,2026-10-07T01:37:38.688904+00:00,,tvn,extracto
tvn-116ee140905e,Relevo por la Vida de Fanlyc: 24 horas de esfuerzo y esperanza en la Cinta Costera 3,https://www.tvn-2.com/nacionales/relevo-vida-fanlyc-24-horas-esfuerzo-esperanza-cinta-costera-tres-cancer_1_2259489.html,TVN,es,2026-09-06T05:09:00+00:00,2026-09-06T05:09:00+00:00,2026-10-07T01:37:38.688904+00:00,,tvn,extracto
